{"params": [-0.05358145758509636, -0.37786969542503357, 0.4082726538181305, 0.17489442229270935, -0.13285626471042633, 0.15832656621932983, -0.5588256120681763, 0.6604008078575134, -0.2770027220249176, -0.08605363219976425, 0.5695996284484863, 0.21739031374454498, 0.35067451000213623, -0.20206758379936218, -0.2136278599500656, 0.25739291310310364, -0.6209410429000854, -0.43812012672424316, 0.15387682616710663, 0.06310846656560898, 0.3185266852378845, 0.47438469529151917, 0.3025207817554474, -0.09601923078298569, 0.2972451448440552, 0.31447434425354004, -0.18203337490558624, 0.46179649233818054, -0.3320961892604828, 0.4693637192249298, -0.9089662432670593, 0.6676536798477173, -0.30625274777412415, 0.40267708897590637, -0.1148381233215332, 0.030271541327238083, -0.5471001863479614, 0.4495144784450531, 0.4415285289287567, -0.5754151344299316, 0.6419394612312317, 0.04442095011472702, -0.05085454881191254, 0.08375371992588043, -0.1842678040266037, -0.4085449278354645, -0.36034342646598816, 0.11870245635509491, 0.06642621010541916, -0.16694341599941254, -0.05485839024186134, -0.020886508747935295, 0.34637871384620667, -0.29173585772514343, -0.3655635416507721, 0.745035707950592, 0.1297384649515152, -0.2668611705303192, -0.7459048628807068, 0.07668276876211166, 0.44698506593704224, -0.07331150025129318, 0.7493577599525452, 0.17414821684360504, 0.051335886120796204, 0.04899118095636368, 0.5371267795562744, -0.42674604058265686, 0.3660184442996979, 0.38045597076416016, 0.13132762908935547, 0.6138405799865723, 0.2817500829696655, 0.3043718636035919, -0.3202739953994751, -0.5544554591178894, 0.38592827320098877, -0.33559301495552063, -0.06758352369070053, 0.18428437411785126], "head": "linear", "n_blocks": 5, "use_argmax": true, "hidden": 32, "d": 80, "n_train": 12, "n_eval": 20, "pop_size": 18, "generations": 10, "max_turns": 5, "seed": 0, "method": "cma", "fitness_train_final": 1.2200000000000004}