{"params": [0.17311114072799683, 0.9199738502502441, -0.05619048327207565, 0.6484525203704834, 0.9426306486129761, -0.024181075394153595, -0.9812648296356201, 1.215335726737976, -0.05854957550764084, -0.21586154401302338, 0.03877885267138481, -0.2822153866291046, -1.3295347690582275, -0.8789371252059937, -0.36917296051979065, -0.7058102488517761], "head": "block_diag", "n_blocks": 5, "use_argmax": true, "hidden": 32, "d": 16, "n_train": 16, "n_eval": 32, "pop_size": 13, "generations": 15, "max_turns": 5, "seed": 0, "method": "cma", "fitness_train_final": 0.0}