{
  "cma": {
    "acc_mean": 0.975,
    "acc_std": 0.0,
    "turns": 5.0,
    "time": 0.6151673793792725
  },
  "rs": {
    "acc_mean": 0.875,
    "acc_std": 0.0,
    "turns": 5.0,
    "time": 1.1246767044067383
  },
  "n_seeds": 1,
  "head": "block_diag"
}