{
  "cma": {
    "acc_mean": 0.0,
    "acc_std": 0.0,
    "turns": 5.0,
    "time": 960.5743174552917
  },
  "rs": {
    "acc_mean": 0.0,
    "acc_std": 0.0,
    "turns": 5.0,
    "time": 1935.6420056819916
  },
  "n_seeds": 1,
  "head": "block_diag"
}