{
  "cma": {
    "acc_mean": 0.9916666666666667,
    "acc_std": 0.011785113019775804,
    "turns": 3.0500000000000003,
    "time": 0.3954180081685384
  },
  "rs": {
    "acc_mean": 0.9416666666666668,
    "acc_std": 0.023570226039551553,
    "turns": 2.725,
    "time": 0.7300821940104166
  },
  "n_seeds": 3,
  "head": "mlp"
}